cname,ccodealp,ccode,year,wbgi_cce,wbgi_gee,wbgi_pve,wbgi_rle,wbgi_rqe,wbgi_vae,vdem_corr,ti_cpi,icrg_qog,fh_status,fh_pr,fh_cl,p_polity2,vdem_polyarchy,wdi_trade,wdi_taxrev,pwt_pop,mad_gdppc,wdi_lifexp,wdi_pop,wdi_fertility,wdi_expedu,wdi_gini,wdi_empagr,wdi_internet,wdi_mobile,wdi_co2,wdi_forest,wdi_migration,vdem_libdem,vdem_partip,vdem_delibdem,vdem_egal,br_pvote,ucdp_type4
Afghanistan,AFG,4.0,2020,-1.4933609,-1.6115395,-2.702721,-1.8314067,-1.389163,-1.0782669,0.866,19.0,,3.0,5.0,6.0,,0.361,46.70989455141026,,,1928.4546828441275,62.575,38972230.0,4.75,,,45.9834078243144,18.4,58.1902139,0.1403229940909206,1.8527819940818424,166821.0,0.191,0.265,0.291,0.429,0.0,3.0
Albania,ALB,8.0,2020,-0.5735388,-0.15512122,0.08861252,-0.3780282,0.22196724,0.086325444,0.685,36.0,0.4722222222222222,2.0,3.0,3.0,,0.536,59.82972943216276,16.98325683284791,,11372.54142130636,76.989,2837849.0,1.4,3.3422999382019,29.4,36.190744246996,72.2377,91.35050062,1.5162187981108228,28.791970802919707,-9117.0,0.447,0.555,0.28,0.708,1.0,
Algeria,DZA,12.0,2020,-0.66682696,-0.5736432,-0.8478204,-0.7980276,-1.3553003,-1.0885086,0.684,36.0,0.4444444444444444,3.0,6.0,5.0,,0.279,40.389756562538814,,,13086.292801166825,74.453,43451666.0,2.942,6.1939172744751,,10.0237908954664,60.6534,104.842178,3.857946436392105,0.818308959706366,-18797.0,0.149,0.247,0.196,0.702,1.0,0.0
Andorra,AND,20.0,2020,1.2654539,1.7492414,1.5886754,1.6151816,1.3354213,1.0853353,,,,1.0,1.0,1.0,,,,,,,,77700.0,,2.63213038444519,,,93.2056,103.4491634,,34.04255319148936,1474.0,,,,,,
Angola,AGO,24.0,2020,-0.9350612,-1.2574846,-0.5999179,-0.9510588,-0.8568535,-0.81600595,0.569,27.0,0.3958333333333333,3.0,6.0,5.0,,0.354,65.94202893046355,,,6279.929084992991,62.261,33428486.0,5.371,2.6674473285675,,55.1641528611982,36.6347,43.81009059,0.6198007292343423,53.42695115103875,7557.0,0.182,0.15,0.185,0.276,1.0,0.0
Antigua and Barbuda,ATG,28.0,2020,0.23903853,-0.20479481,0.92957884,0.40738115,0.49769372,0.7415948,,,,1.0,2.0,2.0,,,94.34572017379206,,,,78.841,92664.0,1.569,2.99340319633484,,,86.8837,198.5668652,2.987136320469653,18.454545454545453,0.0,,,,,0.0,
Azerbaijan,AZE,31.0,2020,-1.0780759,-0.1552637,-0.8522538,-0.72964275,-0.33604014,-1.540866,0.939,30.0,0.3611111111111111,3.0,7.0,6.0,,0.193,72.0178676487811,15.185572507409258,,16189.511046633794,66.868,10093121.0,1.7,4.33204984664917,,36.312788977015,84.6,100.577047,3.4825699602729423,13.694189676451373,1084.0,0.065,0.142,0.042,0.359,0.0,1.0
Argentina,ARG,32.0,2020,-0.16357006,-0.25426182,-0.071997404,-0.48626596,-0.49834427,0.5845012,0.471,42.0,0.5,1.0,2.0,2.0,,0.812,30.20369880741596,8.038630554148707,,15975.838772553549,75.892,45376763.0,1.911,5.27689981460571,42.7,7.28575178937575,85.5144,121.6001889,3.614762031394791,10.440714878192267,2344.0,0.654,0.616,0.659,0.75,1.0,
Australia,AUS,36.0,2020,1.6329806,1.5733533,0.8621619,1.6150036,1.813947,1.2989849,0.031,77.0,0.8888888888888888,1.0,1.0,1.0,,0.841,44.14304559412032,22.55751542629792,,48268.94507651192,83.2,25649248.0,1.581,5.37828016281128,,2.76599346095224,94.6935,105.231579,15.492485393723824,17.42131455716444,117929.0,0.795,0.671,0.762,0.83,0.0,2.0
Austria,AUT,40.0,2020,1.4777094,1.6058632,0.8876009,1.7706089,1.3952273,1.3946289,0.09,76.0,0.9166666666666666,1.0,1.0,1.0,,0.859,99.70829517911883,24.43074542085103,,40503.0408055729,81.19268292682928,8916864.0,1.44,5.57126998901367,29.8,3.86384318578917,87.5294,120.3155961,7.023758577006445,47.25096946194861,20314.0,0.789,0.683,0.734,0.903,1.0,2.0
Bahamas (the),BHS,44.0,2020,1.1062871,0.40525892,0.8303069,0.02109835,0.0013661537,0.9139967,,63.0,0.7222222222222222,1.0,1.0,1.0,,,57.93014801871824,18.66061102408065,,,72.677,406471.0,1.394,3.7900116443634,,3.12188470100878,92.4437,114.6450432,3.5453943823790626,50.935064935064936,0.0,,,,,0.0,
Bahrain,BHR,48.0,2020,-0.09297839,0.3904401,-0.6101046,0.45458642,0.6148575,-1.4531559,0.713,42.0,0.59375,3.0,7.0,6.0,,0.122,140.2180124187961,2.922317848691434,,36890.50295253776,79.174,1477469.0,1.832,2.55237460136414,,0.935135501946129,99.671,119.86485,24.92505764926371,0.89171974522293,-48716.0,0.052,0.092,0.067,0.39,0.0,1.0
Bangladesh,BGD,50.0,2020,-1.0037122,-0.7794913,-0.9158169,-0.5655312,-0.9062135,-0.769459,0.896,26.0,0.4166666666666667,2.0,5.0,5.0,,0.257,26.27144737621502,7.001536744054366,,4418.9642546993055,71.968,167420951.0,2.003,1.76528060436249,,38.1232033837351,36.1091,105.2911628,0.5959720059169895,14.468771606360914,-61154.0,0.096,0.294,0.104,0.225,0.0,4.0
Armenia,ARM,51.0,2020,-0.0034749738,-0.30454743,-0.7716449,-0.12583143,0.23874803,0.047347892,0.307,49.0,0.3842592592592592,2.0,4.0,4.0,,0.784,69.48880753960763,21.86041927616265,,11546.175309736023,72.173,2805608.0,1.575,2.70555996894836,25.1,52.3839089528943,76.5077,124.3508359,2.389428601572279,11.53740779768177,-12825.0,0.584,0.591,0.624,0.816,1.0,3.0
Barbados,BRB,52.0,2020,1.1935937,0.4437851,1.12066,0.29438126,0.46779585,1.1250012,0.078,64.0,,1.0,1.0,1.0,,0.8,64.73912881609002,,,10487.38640323072,77.393,280693.0,1.628,4.16860008239746,,2.79192797657826,72.6766,105.0970277,2.369136387441084,14.651162790697676,0.0,0.679,0.303,0.704,0.81,0.0,
Belgium,BEL,56.0,2020,1.4458017,1.0782353,0.5210785,1.327594,1.3436358,1.2781404,0.031,76.0,0.8611111111111112,1.0,1.0,1.0,,0.894,155.33507536448897,21.174906934366795,,38763.44257492726,80.69512195121952,11538604.0,1.55,6.80185985565186,26.0,0.915486837410037,91.5264,99.72332827,8.005569824564565,22.764200792602377,53428.0,0.825,0.647,0.82,0.931,1.0,2.0
Bhutan,BTN,64.0,2020,1.6183718,0.30556726,1.0134891,0.5769569,-0.33075085,0.15107737,0.111,68.0,,2.0,2.0,4.0,,0.596,71.83035577038405,12.284637837393396,,,71.609,772506.0,1.433,5.54341268539429,,49.9152566868386,76.8508,96.4571149,1.99894887547799,71.44939695857367,291.0,0.515,0.583,0.514,0.847,0.0,2.0
Bolivia (Plurinational State of),BOL,68.0,2020,-0.8448246,-0.7264553,-0.4534672,-1.2186311,-1.0352901,-0.0864524,0.654,31.0,0.4467592592592592,2.0,3.0,3.0,,0.332,45.503262616667485,,,6062.06482775822,64.467,11936162.0,2.651,8.43710994720459,43.6,30.0006470459498,59.9401,98.89563329,1.546611046331308,46.92491461275731,-4666.0,0.232,0.644,0.207,0.534,1.0,
Bosnia and Herzegovina,BIH,70.0,2020,-0.6430999,-1.0757033,-0.44747713,-0.31613734,-0.18239288,-0.32339147,0.739,35.0,,2.0,4.0,4.0,,0.523,82.11126525728977,18.750644729343875,,10736.168312228834,76.225,3318407.0,1.359,3.01954078674316,,12.230650756409,73.2118,105.7638198,6.788618755927167,42.7326171875,-26857.0,0.343,0.53,0.332,0.644,1.0,2.0
Botswana,BWA,72.0,2020,0.6107759,0.16787927,1.0131681,0.3822219,0.5275863,0.48876333,0.097,60.0,0.5694444444444445,1.0,3.0,2.0,,0.595,77.66321281247156,22.274646223455296,,14162.68519082018,65.647,2546402.0,2.836,8.05833625793457,,19.4434051241347,67.4756,150.3850531,2.3939268033876817,26.917050447302948,1816.0,0.489,0.548,0.502,0.71,0.0,
Brazil,BRA,76.0,2020,-0.4290835,-0.4657092,-0.44689092,-0.23191977,-0.11101153,0.28739506,0.542,38.0,0.4861111111111111,1.0,2.0,3.0,,0.696,32.30207854634089,12.719387857198166,,13685.925743510985,74.009,213196304.0,1.649,5.77150011062622,48.9,9.31407124144575,81.3427,96.54706819,2.099921019268702,59.41747805133678,56880.0,0.539,0.582,0.471,0.474,1.0,2.0
Belize,BLZ,84.0,2020,-0.19325411,-0.6035796,0.5186676,-0.8265396,-0.55057955,0.52132344,,,,1.0,2.0,1.0,,,81.62547244668653,,,,72.854,394921.0,1.999,5.2163200378418,,17.3361851059693,57.0987,66.84898207,0.5565670096044525,55.986409469530905,0.0,,,,,0.0,
Solomon Islands,SLB,90.0,2020,0.06829665,-0.6969805,0.56044656,-0.036500826,-0.83264655,0.45004663,0.647,42.0,,1.0,2.0,2.0,,0.614,60.22033763969248,21.05153286700484,,,70.199,691191.0,4.038,9.64354610443115,,38.109822478336,39.5527,68.57738104,0.4324419733474539,90.13826366559483,-808.0,0.46,0.514,0.358,0.471,0.0,
Brunei Darussalam,BRN,96.0,2020,1.2480153,1.3833094,1.188084,0.89775914,0.90490144,-0.9296866,,60.0,0.6805555555555555,3.0,6.0,5.0,,,110.29100365845196,,,,74.795,441725.0,1.796,,,1.33677088611368,95.0503,121.4758051,21.753126945497765,72.10626185958255,-395.0,,,,,0.0,
Bulgaria,BGR,100.0,2020,-0.32234976,-0.21402784,0.40163103,-0.12767299,0.46099073,0.25938678,0.56,44.0,0.5,1.0,2.0,2.0,,0.608,110.32859368545368,20.278213339967223,,18203.8329720928,73.65853658536587,6934015.0,1.56,4.50513982772827,40.5,6.58568866607309,70.1625,113.849275,5.676682268498121,35.86035372144436,-9902.0,0.502,0.707,0.497,0.697,1.0,
Myanmar,MMR,104.0,2020,-0.67968684,-1.0160697,-1.5117404,-1.1957092,-0.62148327,-0.9396422,0.387,28.0,0.3611111111111111,3.0,5.0,6.0,,0.422,,,,6282.811713203451,66.797,53423198.0,2.174,,,46.4675597490761,41.95429049,147.0303762,0.6699318150141443,43.73403098043422,-66228.0,0.262,0.534,0.344,0.476,0.0,0.0
Burundi,BDI,108.0,2020,-1.5634017,-1.302483,-1.5423521,-1.3406509,-1.0617719,-1.5266128,0.886,19.0,,3.0,7.0,6.0,,0.17,26.77332999959496,15.787822766545034,,720.4459743972841,61.566,12220227.0,5.177,5.32158517837524,37.5,85.3194885434515,9.17302,54.26373457,0.0675928524077335,10.889408099688474,-10186.0,0.052,0.246,0.066,0.337,1.0,7.0
Belarus,BLR,112.0,2020,-0.1341941,-0.8296582,-0.887616,-1.0851741,-0.7998758,-1.452953,0.374,47.0,0.4305555555555556,3.0,7.0,6.0,,0.21,118.93388369033067,12.022907199056911,,19053.15702050917,72.45721951219514,9379952.0,1.474,4.86263990402222,24.4,10.8923500154286,85.0879,121.490553,6.193432546349917,43.1944033894965,13589.0,0.047,0.217,0.045,0.76,0.0,
Cambodia,KHM,116.0,2020,-1.2720416,-0.45037034,-0.20906596,-0.96412593,-0.66110885,-1.3571359,0.895,21.0,,3.0,7.0,5.0,,0.194,123.99074159127736,17.885172776263257,,3728.198416173488,70.416,16396860.0,2.381,3.0023500919342,,36.8999764068932,53.6508,128.6026166,1.012407253583918,45.70796510310446,-22308.0,0.065,0.41,0.07,0.247,1.0,4.0
Cameroon,CMR,120.0,2020,-1.139536,-0.9314109,-1.5136797,-1.1676713,-0.83019936,-1.2054192,0.947,25.0,0.3194444444444444,3.0,6.0,6.0,,0.291,33.73883136238705,10.870582808804157,,2769.286788750432,60.833,26491087.0,4.543,3.10390138626099,,43.1496302927995,41.2264,84.36916915,0.3897537311322861,43.02951069365996,-9889.0,0.13,0.24,0.118,0.5,0.0,6.0
Canada,CAN,124.0,2020,1.5657128,1.5983129,1.0131823,1.6191033,1.5925897,1.4716688,0.027,77.0,0.9050925925925926,1.0,1.0,1.0,,0.858,61.156770963276266,13.503332093386884,,42493.630617386254,81.66048780487806,38028638.0,1.41,4.88794994354248,,1.55635277929941,92.3,85.40841921,14.33045274984605,38.69551250949464,195181.0,0.761,0.648,0.764,0.873,0.0,2.0
Cabo Verde,CPV,132.0,2020,0.8461036,0.19930287,0.8742323,0.43083632,0.16089699,0.91238683,0.262,58.0,,1.0,1.0,1.0,,0.795,78.39345459319013,18.38570329343108,,5831.99844129222,74.808,582640.0,1.908,,,10.743090600802,69.3734,93.49323768,1.5355965948098311,11.344913151364764,-1274.0,0.704,0.551,0.594,0.762,1.0,
Central African Republic (the),CAF,140.0,2020,-1.295018,-1.7287937,-2.2362776,-1.7542385,-1.5022972,-1.3033864,0.821,26.0,,3.0,7.0,7.0,,0.375,49.52102000119206,8.709644826913465,,613.7893419743613,54.604,5343020.0,5.985,2.14468050003052,,71.3497412587839,8.565672483,34.26900891,0.0525545478025536,35.80050723939773,-24803.0,0.199,0.29,0.2,0.347,0.0,2.0
Sri Lanka,LKA,144.0,2020,-0.33032697,-0.07908265,-0.08912885,-0.0058447914,-0.22591479,-0.052089635,0.609,38.0,0.4722222222222222,2.0,4.0,4.0,,0.574,37.08912050130338,7.775292411845033,,11447.249328773152,76.393,21919000.0,2.0,1.55792391300201,,27.1240598516649,36.1847,136.9116134,1.011797983484648,34.15809893307469,-92400.0,0.37,0.508,0.323,0.615,1.0,4.0
Chad,TCD,148.0,2020,-1.4252378,-1.5107372,-1.2552203,-1.3312677,-1.1253096,-1.4032763,0.939,21.0,,3.0,7.0,6.0,,0.271,68.7303601414611,,,1463.5312650403762,52.777,16644701.0,6.346,2.73960399627686,,69.766070717039,8.34311,52.19169152,0.1188426274524246,3.425190597204574,9016.0,0.087,0.307,0.134,0.222,0.0,4.0
Chile,CHL,152.0,2020,1.1061372,0.7050447,0.044044506,0.93016213,0.94864774,0.99194074,0.057,67.0,0.6944444444444443,1.0,1.0,1.0,,0.833,58.18286356297483,16.196169333210758,,20205.86869447819,79.377,19300315.0,1.537,5.62993001937866,47.0,7.18201735610223,87.4593,129.8851806,4.518625732274318,24.49215366655369,98439.0,0.765,0.662,0.728,0.697,1.0,
Chile,CHL,152.0,2020,1.1061372,0.7050447,0.044044506,0.93016213,0.94864774,0.99194074,0.057,67.0,0.6944444444444443,1.0,1.0,1.0,,0.833,58.18286356297483,16.196169333210758,,20205.86869447819,79.377,19300315.0,1.537,5.62993001937866,47.0,7.18201735610223,87.4593,129.8851806,4.518625732274318,24.49215366655369,98439.0,0.765,0.662,0.728,0.697,1.0,
China,CHN,156.0,2020,-0.07102814,0.6439717,-0.47412786,-0.1025051,-0.20264338,-1.6563587,0.458,42.0,0.4722222222222222,3.0,7.0,6.0,,0.076,34.75429569954918,8.090626216076306,,17225.968276942745,78.077,1411100000.0,1.281,4.2333812713623,37.1,23.5998587307763,70.0528,120.5961882,8.53044865707604,23.43132290394016,-33649.0,0.043,0.133,0.116,0.344,1.0,2.0
Taiwan (Province of China),TWN,158.0,2020,1.1249428,1.5391809,0.7559926,1.217756,1.3660793,1.0953039,0.186,65.0,0.7222222222222223,1.0,1.0,1.0,,0.819,,,,48779.43868650653,,,,,,,,,,,,0.712,0.73,0.721,0.906,0.0,
Colombia,COL,170.0,2020,-0.2524986,0.008475319,-0.70115006,-0.49140263,0.22566642,0.14300601,0.407,39.0,0.4166666666666667,2.0,3.0,3.0,,0.64,34.05557096801012,14.044353078288417,,12377.134949809795,74.769,50930662.0,1.737,,53.5,16.6629564461962,69.7953,132.8719623,1.5956596048172318,53.30501126633619,229437.0,0.491,0.641,0.396,0.412,1.0,0.0
Comoros (the),COM,174.0,2020,-1.2091776,-1.6430528,-0.2873849,-1.2769697,-1.2582111,-0.7624647,0.845,21.0,,2.0,5.0,4.0,,0.289,33.72993461574907,,,1869.9440308890576,64.166,806166.0,4.052,2.37805080413818,,35.8433218128784,21.16321517,96.95013186,0.381062957256942,17.689414293390648,-1772.0,0.109,0.536,0.223,0.616,0.0,
Congo (the),COG,178.0,2020,-1.4606524,-1.2544024,-0.21304312,-1.1192163,-1.4521667,-1.2787421,0.814,19.0,0.25,3.0,7.0,5.0,,0.249,69.30662068824718,8.324484402075381,,4203.110203911664,63.785,5702174.0,4.234,4.61901378631592,,32.9997056909616,24.8206,98.52300193,1.2897536974494288,64.26354319180088,-4465.0,0.114,0.547,0.196,0.358,0.0,2.0
Congo (the Democratic Republic of the),COD,180.0,2020,-1.5927435,-1.7449087,-1.7866856,-1.823879,-1.5112456,-1.254215,0.914,18.0,0.1111111111111111,3.0,7.0,6.0,,0.354,58.491757328202254,6.429882097970166,,794.2714174432007,59.739,92853164.0,6.206,2.622638463974,44.7,56.9180947414861,19.8388,43.93861689,0.0368161929301622,55.64731258684192,-1643.0,0.155,0.483,0.286,0.454,1.0,11.0
Congo (the Democratic Republic of the),COD,180.0,2020,-1.5927435,-1.7449087,-1.7866856,-1.823879,-1.5112456,-1.254215,0.914,18.0,0.1111111111111111,3.0,7.0,6.0,,0.354,58.491757328202254,6.429882097970166,,794.2714174432007,59.739,92853164.0,6.206,2.622638463974,44.7,56.9180947414861,19.8388,43.93861689,0.0368161929301622,55.64731258684192,-1643.0,0.155,0.483,0.286,0.454,1.0,11.0
Costa Rica,CRI,188.0,2020,0.6614113,0.19650039,0.74681807,0.49883243,0.4775796,1.1202985,0.19,57.0,0.4444444444444445,1.0,1.0,1.0,,0.897,60.13988624897964,12.276716036241606,,13996.389360173924,79.277,5123105.0,1.555,6.62898015975952,49.2,16.5464643669919,80.5302,146.6370492,1.400166500588998,59.437328632980815,2084.0,0.847,0.666,0.848,0.897,1.0,
Croatia,HRV,191.0,2020,0.1771105,0.4247758,0.60728323,0.23618557,0.36231455,0.57959634,0.296,47.0,0.6666666666666666,1.0,1.0,2.0,,0.768,89.13680576093148,20.78143895203217,,21672.47793772927,77.72439024390245,4047680.0,1.48,4.38901996612549,29.5,6.46603889121934,78.3209,106.805903,4.203395525337971,34.65171551107934,-11592.0,0.656,0.645,0.582,0.777,1.0,
Cuba,CUB,192.0,2020,-0.15395448,-0.20398867,0.59614676,-0.28538504,-1.5304635,-1.4181594,0.575,47.0,0.5416666666666666,3.0,7.0,6.0,,0.179,15.683016027677226,,,7364.105587639862,77.567,11300698.0,1.5,,,17.7870603096352,71.1191,58.95001353,2.165680385406282,31.233140655105974,-7068.0,0.061,0.242,0.104,0.806,0.0,
Cyprus,CYP,196.0,2020,0.34994322,0.8394485,0.28877765,0.54723907,0.9932476,0.9022933,0.2,57.0,0.8055555555555557,1.0,1.0,1.0,,0.804,162.7311823848035,22.228896968410574,,28634.45661240419,81.391,1237537.0,1.328,5.63694000244141,31.7,2.73172594732822,90.8019,139.6351351,5.494785206422111,18.67207792207792,2999.0,0.694,0.592,0.634,0.887,1.0,
Czechia,CZE,203.0,2020,0.555441,0.9109649,0.912328,1.0184506,1.2346685,0.97855496,0.221,54.0,0.6944444444444445,1.0,1.0,1.0,,0.82,133.14831977055704,14.36691503488009,,30365.36824347264,78.17560975609756,10697858.0,1.74,4.72159004211426,26.2,2.61002769903677,81.3389,123.4438209,8.805912361147438,34.67799192549392,3621.0,0.721,0.587,0.65,0.898,1.0,2.0
Benin,BEN,204.0,2020,-0.03998235,-0.29091385,-0.44307166,-0.7669186,-0.48343176,-0.075776935,0.196,41.0,,2.0,4.0,2.0,,0.415,44.83323337687261,,,2297.769732867594,60.088,12643123.0,5.048,3.09441518783569,,29.4486817255553,22.1206,88.11818884,0.6779654045918877,27.80374246186591,1732.0,0.287,0.5,0.287,0.724,0.0,4.0
Denmark,DNK,208.0,2020,2.2364862,1.8400674,0.9202337,1.8067937,1.7857245,1.5147853,0.002,88.0,0.9953703703703703,1.0,1.0,1.0,,0.915,103.7558813046818,34.5312116923201,,47171.08707284589,81.60243902439025,5831404.0,1.68,7.38354015350342,27.5,2.11452602521864,96.5491,124.4957422,4.733559876832406,15.711,23076.0,0.883,0.711,0.879,0.972,1.0,2.0
Dominica,DMA,212.0,2020,0.5567845,-0.12676859,1.3170896,0.79157686,0.26851928,0.8708877,,55.0,,1.0,1.0,1.0,,,,,,7974.306806519906,73.649,71995.0,1.597,4.69630002975464,,,75.6567,103.6294691,0.9528439474963538,63.82666666666667,100.0,,,,,0.0,
Dominican Republic (the),DOM,214.0,2020,-0.75096345,-0.28144786,0.1649812,-0.17101361,0.023165073,0.237135,0.629,28.0,0.3611111111111111,2.0,3.0,3.0,,0.646,44.29365655246752,12.389879902419516,,15325.654565559918,72.889,10999664.0,2.303,4.51769828796387,39.6,8.95288488546274,81.6173,81.72601454,2.096600405248742,45.10950747932928,-14966.0,0.411,0.612,0.54,0.438,1.0,
Ecuador,ECU,218.0,2020,-0.50408655,-0.47050634,-0.27024323,-0.54094964,-0.8711334,-0.014699864,0.642,39.0,0.4722222222222222,2.0,3.0,3.0,,0.624,43.989312439832354,12.941434727277512,,9646.065160433587,72.153,17588595.0,2.051,4.26103019714355,47.3,31.77070485702,70.7,88.04208636,2.028752154450085,50.32142857142857,35894.0,0.476,0.664,0.445,0.606,1.0,
El Salvador,SLV,222.0,2020,-0.5776364,-0.26126662,-0.11499223,-0.7770854,-0.08524321,0.0697046,0.677,36.0,0.4537037037037037,2.0,2.0,4.0,,0.522,66.45950694970826,18.39077507936017,,8137.974501038323,71.061,6292731.0,1.819,3.66088008880615,,15.7957344379758,54.6014,158.1030557,1.0582209854513087,28.17953667953668,-25214.0,0.319,0.499,0.234,0.368,1.0,2.0
Equatorial Guinea,GNQ,226.0,2020,-1.5395705,-1.21556,-0.22156078,-1.1583424,-1.7142559,-1.8105313,0.857,16.0,,3.0,7.0,7.0,,0.176,77.92788464418066,8.011290134460907,,23300.297648989497,60.708,1596049.0,4.346,,,56.0667586065992,55.0013,46.62018522,3.436423317830468,87.28770053475937,0.0,0.053,0.127,0.045,0.346,1.0,
Ethiopia,ETH,231.0,2020,-0.38967237,-0.58958256,-1.753703,-0.4028886,-0.9755013,-1.0363928,0.57,38.0,0.5555555555555556,3.0,6.0,6.0,,0.323,24.006113643482017,6.19629946992619,,2121.8590445605028,65.371,117190911.0,4.243,4.09056520462036,,64.5705706242453,16.0696,37.97222807,0.1607744136403206,15.123989533793422,38867.0,0.151,0.37,0.285,0.557,0.0,4.0
Eritrea,ERI,232.0,2020,-1.3405783,-1.6432179,-0.99274105,-1.4900681,-2.1580546,-2.0631223,0.667,21.0,,3.0,7.0,7.0,,0.069,,,,,67.133,3555868.0,3.933,,,64.6733038661742,23.8002,50.64867425,0.2030727799794593,8.718215239586637,-14987.0,0.01,0.027,0.033,0.429,,1.0
Estonia,EST,233.0,2020,1.5808206,1.2990067,0.709817,1.3350881,1.5295348,1.1671821,0.038,75.0,0.6527777777777778,1.0,1.0,1.0,,0.896,138.97551084884012,20.717475472004484,,28261.582572042505,78.59512195121953,1329522.0,1.58,5.52696990966797,30.7,2.9643133136505,89.0583,144.8567221,8.681014680464106,57.03859649122806,2995.0,0.842,0.645,0.718,0.884,1.0,2.0
Fiji,FJI,242.0,2020,0.613366,0.5905553,0.6627972,0.1975239,-0.102151036,0.056078617,0.291,,,2.0,3.0,3.0,,0.409,72.34357578072522,19.452235217077384,,,67.924,920422.0,2.495,5.80519533157349,,29.6689532800241,83.0267,107.7223274,1.726056091662303,62.3984674329502,-6003.0,0.272,0.37,0.288,0.65,1.0,
Finland,FIN,246.0,2020,2.1704397,1.901004,0.9818251,2.0185921,1.8508983,1.6095119,0.011,85.0,0.9722222222222222,1.0,1.0,1.0,,0.874,71.49866827985447,19.86699602584461,,38871.701847820725,81.93170731707318,5529543.0,1.37,6.6349401473999,27.1,3.65522345358204,92.1703,128.7646479,7.056659112697016,73.72836744094229,17482.0,0.838,0.646,0.809,0.916,1.0,2.0
France,FRA,250.0,2020,1.12262,1.204251,0.28099284,1.2987273,1.189462,1.065753,0.057,69.0,0.7881944444444445,1.0,1.0,2.0,,0.872,56.78215677408889,14.682125365427693,,35913.81936941929,82.17560975609757,67571107.0,1.83,5.65981006622314,30.7,2.35004534001808,84.7064,112.8271405,4.237602619119441,31.50904837304609,18335.0,0.794,0.639,0.806,0.871,0.0,8.0
Djibouti,DJI,262.0,2020,-0.75291455,-0.76106215,-0.44820237,-1.0429868,-0.8570296,-1.4070386,0.659,27.0,,3.0,7.0,5.0,,0.253,222.83798330366423,,,3426.6960805341964,62.694,1090156.0,2.848,,,1.2320908475773,62.5104,39.81402662,0.6253233482180531,0.2502157031924072,744.0,0.121,0.354,0.136,0.492,0.0,3.0
Gabon,GAB,266.0,2020,-0.88690144,-0.9914754,-0.06577282,-0.67991143,-0.8818056,-0.97710365,0.818,30.0,0.4027777777777777,3.0,7.0,5.0,,0.376,70.05999658724238,12.44922132873869,,15745.748639609885,66.531,2292573.0,3.548,3.39874076843262,,30.1854113976682,72.2754,133.0177927,2.466966155494285,91.32068149183064,1514.0,0.202,0.599,0.295,0.693,0.0,2.0
Georgia,GEO,268.0,2020,0.60149264,0.7167384,-0.42961064,0.22287813,1.0011677,0.05560906,0.13,56.0,,2.0,4.0,3.0,,0.629,92.89108417521943,21.180782903854265,,11770.782278923916,72.765,3722716.0,1.971,3.8498592376709,34.5,41.054733805906,72.5316,135.4280451,3.05199214766853,40.61591595913081,-2734.0,0.487,0.572,0.511,0.817,1.0,
Gambia (the),GMB,270.0,2020,-0.4248077,-0.78621423,0.24803548,-0.393535,-0.75901604,-0.20095047,0.324,37.0,0.5,2.0,4.0,4.0,,0.496,47.50036502539037,,,1914.1968567045408,62.612,2573995.0,4.777,2.88734579086304,38.8,48.5284532040635,44.8133,104.038819,0.2095963667373091,23.979249011857707,-1960.0,0.411,0.568,0.374,0.664,0.0,4.0
Germany,DEU,276.0,2020,1.8253416,1.3136882,0.64504915,1.5201278,1.5779347,1.3739091,0.017,80.0,0.888888888888889,1.0,1.0,1.0,,0.873,81.1473589268244,10.551336328087128,,44996.4296207847,81.04146341463415,83160871.0,1.53,5.59038019180298,32.4,1.22072211603765,89.8129,128.8867207,7.664607072237133,32.68267552019233,334055.0,0.827,0.662,0.838,0.925,1.0,2.0
Ghana,GHA,288.0,2020,-0.127223,-0.19697934,0.1699019,-0.08212852,-0.13057971,0.5528894,0.633,43.0,0.513888888888889,1.0,2.0,2.0,,0.722,66.57549871624315,11.340431962926123,,4069.2519024115472,64.114,32180401.0,3.623,3.40915989875793,,40.4799899616882,62.5176,125.7336966,0.6814924400724528,35.096930994624955,-297.0,0.612,0.376,0.602,0.678,0.0,5.0
Kiribati,KIR,296.0,2020,0.46727896,0.13462663,1.1575924,1.0113693,-0.43056333,1.116668,,,,1.0,1.0,1.0,,,75.99479783950616,21.32515330555556,,,67.266,126463.0,3.333,,,,52.0585,43.22257718,0.5495678577923978,1.4567901234567904,-296.0,,,,,0.0,
Greece,GRC,300.0,2020,0.03195084,0.402937,0.11518153,0.28897303,0.53649765,0.9629447,0.216,50.0,0.638888888888889,1.0,1.0,2.0,,0.809,71.84030946478009,25.30182862979114,,21767.220165271887,81.28780487804877,10698599.0,1.39,4.49500036239624,33.6,10.2879137174463,78.1158,108.5687131,4.889256995238348,30.2699767261443,-17853.0,0.693,0.664,0.719,0.846,1.0,
Grenada,GRD,308.0,2020,0.35777038,0.002467415,1.0326236,0.3276904,-0.122246236,0.6848397,,53.0,,1.0,1.0,2.0,,,,,,,74.924,123663.0,2.023,,,,73.2676,96.03519242,0.9873608112369908,52.05882352941177,0.0,,,,,0.0,
Guatemala,GTM,320.0,2020,-1.1340978,-0.71337223,-0.4158293,-1.1003926,-0.2705029,-0.37849292,0.755,25.0,0.4768518518518518,2.0,4.0,4.0,,0.595,41.143028003005696,9.95563837081418,,7309.368193308424,71.797,16858333.0,2.484,3.29503011703491,,30.5275776556293,47.5123,117.4393951,1.049457262470732,32.92086599477417,-23142.0,0.414,0.533,0.335,0.294,1.0,2.0
Guinea,GIN,324.0,2020,-0.9732178,-0.96909773,-0.66928524,-1.3037987,-0.87800187,-0.91927886,0.719,28.0,0.3611111111111111,2.0,5.0,5.0,,0.299,115.03739397715538,,,1726.50825466548,59.327,13205153.0,4.489,2.43267011642456,,61.215265730538,29.3934,104.466802,0.2545218521890658,25.18720494872213,-4364.0,0.12,0.531,0.117,0.389,1.0,4.0
Guyana,GUY,328.0,2020,-0.17318676,-0.4467428,-0.13755472,-0.43357652,-0.53612655,0.21252152,0.433,41.0,0.4722222222222222,1.0,2.0,3.0,,0.567,,,,,68.486,797202.0,2.418,,,12.0691400089398,73.1413,107.375546,4.167701536122588,93.5501143002286,802.0,0.401,0.536,0.37,0.695,1.0,
Haiti,HTI,332.0,2020,-1.3466885,-2.1133192,-1.0274929,-1.0305405,-1.2560368,-0.8412606,0.849,18.0,0.1666666666666666,2.0,5.0,5.0,,0.376,34.457201906164194,,,1641.7617050038757,64.052,11306801.0,2.869,1.371013879776,,46.2956534021837,36.39474796,64.73094691,0.3017299057443391,12.601596516690854,-33872.0,0.22,0.263,0.262,0.16,0.0,
Honduras,HND,340.0,2020,-0.98805124,-0.6458094,-0.44850773,-1.0103334,-0.49494037,-0.6189473,0.831,24.0,0.4097222222222221,2.0,4.0,5.0,,0.376,88.00085638362921,,,4567.885690671236,71.462,10121763.0,2.394,5.97629117965698,,25.2128716520937,45.2483,68.76918576,0.871913321819529,56.83492716060417,-6199.0,0.237,0.562,0.261,0.268,1.0,
Hungary,HUN,348.0,2020,0.068954095,0.5385356,0.83704686,0.4923858,0.46936685,0.3903731,0.486,44.0,0.6388888888888888,2.0,3.0,3.0,,0.465,155.4226638935124,22.607730243907696,,26091.40032999944,75.56829268292685,9750149.0,1.59,4.1535701751709,29.7,4.75693947841534,84.7712,105.9697831,5.089963240561759,22.49627438088976,9042.0,0.356,0.605,0.24,0.639,1.0,
Iceland,ISL,352.0,2020,1.6668644,1.47593,1.3750316,1.7502216,1.4430121,1.3817542,0.012,75.0,0.9166666666666666,1.0,1.0,1.0,,0.857,67.97507562567439,22.40161375120272,,39368.39939902689,83.06341463414634,366463.0,1.72,8.58382987976074,,4.04335441510163,99.5328,114.9221778,8.35063840005676,0.5092730338192998,2573.0,0.777,0.691,0.785,0.914,1.0,
India,IND,356.0,2020,-0.2935984,0.37453246,-0.8414192,-0.058424745,-0.12848867,0.12733279,0.66,40.0,0.638888888888889,2.0,2.0,4.0,,0.394,37.75810532928246,,,6730.546822014761,70.15,1396387127.0,2.051,4.04014158248901,33.8,44.6754943536434,43.4054,82.621059,1.661916423553509,24.27022827333605,-34772.0,0.294,0.54,0.258,0.456,0.0,0.0
Indonesia,IDN,360.0,2020,-0.45496294,0.31706503,-0.4623114,-0.36560273,0.2161567,0.09930083,0.768,37.0,0.513888888888889,2.0,2.0,4.0,,0.576,32.972175400352825,8.31010524192246,,11895.075330697577,68.808,271857970.0,2.194,1.01593220233917,35.3,29.5715827857622,53.7265,130.8110952,2.185983364769479,49.07178036547167,-24999.0,0.416,0.609,0.497,0.449,1.0,4.0
Indonesia,IDN,360.0,2020,-0.45496294,0.31706503,-0.4623114,-0.36560273,0.2161567,0.09930083,0.768,37.0,0.513888888888889,2.0,2.0,4.0,,0.576,32.972175400352825,8.31010524192246,,11895.075330697577,68.808,271857970.0,2.194,1.01593220233917,35.3,29.5715827857622,53.7265,130.8110952,2.185983364769479,49.07178036547167,-24999.0,0.416,0.609,0.497,0.449,1.0,4.0
Iran (Islamic Republic of),IRN,364.0,2020,-1.1111307,-1.0175947,-1.6992064,-0.8868262,-1.4858083,-1.4759631,0.784,25.0,0.4699074074074074,3.0,6.0,6.0,,0.165,43.81016468709775,,,17296.263711327592,74.832,87290193.0,1.708,3.20495009422302,35.8,16.7277472123723,75.5699,146.2076628,7.524306882904932,6.626730354391371,-156669.0,0.115,0.093,0.121,0.516,0.0,4.0
Iraq,IRQ,368.0,2020,-1.3337708,-1.3033918,-2.4747696,-1.7998643,-1.3395604,-1.0075495,0.86,21.0,0.3032407407407407,3.0,5.0,6.0,,0.374,57.74231616853554,,,11717.375296314593,69.123,42556984.0,3.551,,,8.70463913168945,53.6778,88.05916556,3.984866502757809,1.9003611837983263,71539.0,0.21,0.502,0.278,0.411,1.0,1.0
Ireland,IRL,372.0,2020,1.5351281,1.4352438,0.9655216,1.4563007,1.4674472,1.3893604,0.032,72.0,0.9166666666666666,1.0,1.0,1.0,,0.893,247.0597187608821,16.200096475506886,,55134.85649890633,82.55609756097562,4985382.0,1.63,3.25081992149353,29.2,4.47967563921976,91.9999,105.8205231,6.859795297531865,11.351720133546232,15320.0,0.826,0.656,0.794,0.872,1.0,2.0
Israel,ISR,376.0,2020,0.5366113,1.0519632,-0.8878185,0.93562603,1.2344215,0.65166265,0.131,60.0,0.7847222222222223,1.0,2.0,3.0,,0.729,50.96080098457128,21.90531185677268,,32730.94254137353,82.64878048780488,9215100.0,2.9,6.47881984710693,37.8,0.914951008053905,90.1273,140.1086384,6.532528133172727,6.469500924214418,16569.0,0.645,0.573,0.59,0.804,1.0,0.0
Italy,ITA,380.0,2020,0.50953573,0.36075458,0.3993454,0.20668267,0.4877408,1.0546131,0.176,53.0,0.5972222222222222,1.0,1.0,1.0,,0.857,55.2657057698714,24.75958016416413,,32385.32709510664,82.19512195121952,59438851.0,1.24,4.44135999679565,35.2,3.98195642622326,70.4834,130.3870472,4.965190191849435,32.34893496146653,28021.0,0.774,0.76,0.78,0.897,1.0,2.0
Côte d'Ivoire,CIV,384.0,2020,-0.55172676,-0.5391485,-1.0332197,-0.6569086,-0.38134775,-0.53029907,0.601,36.0,0.25,2.0,5.0,4.0,,0.51,41.94263181905262,11.786688234900677,,3682.135289488492,59.032,26811790.0,4.472,3.78674006462097,,46.240540074347,36.0166,149.543339,0.4937342862971849,8.920471698113207,-12301.0,0.27,0.628,0.428,0.482,0.0,4.0
Jamaica,JAM,388.0,2020,-0.045829266,0.5285456,0.2586822,-0.24139446,0.042481516,0.62415755,0.164,44.0,0.5208333333333334,1.0,2.0,2.0,,0.811,,25.70946569572908,,6880.488352713083,71.869,2820436.0,1.358,5.61749505996704,,15.936485979383,76.384,101.8728665,2.0919106124017706,55.11449676823638,0.0,0.702,0.614,0.674,0.786,0.0,
Japan,JPN,392.0,2020,1.4637144,1.5473006,1.0261452,1.4714805,1.347087,0.9829003,0.09,74.0,0.8333333333333334,1.0,1.0,1.0,,0.835,31.325793124298595,12.31570769024998,,36826.63896921391,84.56000000000002,126261000.0,1.33,3.30628991127014,,3.14789630686643,90.2195,155.7389638,8.418030904238046,68.40877914951989,87584.0,0.746,0.569,0.754,0.927,0.0,
Kazakhstan,KAZ,398.0,2020,-0.37814286,0.1056911,-0.25756684,-0.46708986,0.10614655,-1.1796404,0.835,38.0,0.638888888888889,3.0,7.0,5.0,,0.243,57.026442366093136,8.318809313828798,,25124.48654506269,71.37,18755666.0,3.13,4.44620370864868,28.7,13.4627577966953,85.9426,128.0024709,11.872518949740307,1.2796532948105346,-12432.0,0.118,0.17,0.129,0.577,1.0,
Jordan,JOR,400.0,2020,0.03905261,0.09496264,-0.26840183,0.18662451,0.2527262,-0.74790615,0.505,49.0,0.5277777777777778,3.0,6.0,5.0,,0.257,66.27717705894351,15.98110204467863,,8896.382551027444,75.184,10928721.0,2.873,,,3.30479600717421,78.4178,63.94061117,1.9530373224826585,1.09804716534901,18092.0,0.241,0.282,0.219,0.626,0.0,4.0
Kenya,KEN,404.0,2020,-0.8753476,-0.39947337,-1.00724,-0.5791127,-0.5171906,-0.34134954,0.613,31.0,0.513888888888889,2.0,4.0,4.0,,0.499,27.23634936589308,14.299822632071374,,3129.5852831151,62.675,51985780.0,3.397,5.04574871063232,36.2,33.6332248092507,27.5774,118.1263492,0.370058889180849,6.3448184980848295,-17106.0,0.4,0.644,0.437,0.581,0.0,4.0
Korea (the Democratic People's Republic of),PRK,408.0,2020,-1.7028829,-1.490295,-0.37867877,-1.6077957,-2.370466,-2.1550019,0.665,18.0,0.2777777777777777,3.0,7.0,7.0,,0.084,,,,1584.377085405004,73.274,25867467.0,1.818,,,45.473825975649,,23.19515861,2.051495803589892,50.07964454779504,-1589.0,0.015,0.15,0.013,0.306,0.0,
Korea (the Republic of),KOR,410.0,2020,0.6982683,1.3701868,0.6083379,1.147423,1.0249507,0.82282895,0.114,61.0,0.7430555555555557,1.0,2.0,2.0,,0.856,69.03404509095616,14.861257673633611,,38606.98332035484,83.42682926829269,51836239.0,0.837,4.8017201423645,32.7,5.37120714777046,96.5051,136.0094467,11.869506967895568,64.41598360655738,0.0,0.79,0.624,0.785,0.872,0.0,
Kuwait,KWT,414.0,2020,-0.09123779,-0.19523443,0.22523226,0.3100278,0.27375153,-0.67822903,0.468,42.0,0.5277777777777778,2.0,5.0,5.0,,0.325,,,,66365.99082465029,76.92,4360444.0,2.14,6.24513053894043,,2.00447832915157,99.1059,155.2673535,22.24821600736072,0.3507295173961841,-254177.0,0.291,0.177,0.298,0.624,0.0,
Kyrgyzstan,KGZ,417.0,2020,-1.1249584,-0.57632226,-0.45579258,-0.9622043,-0.45006117,-0.5767689,0.777,31.0,,3.0,7.0,5.0,,0.387,78.99227843047383,14.03632819323965,,4899.061185204598,71.80000000000001,6579900.0,3.1,6.61971664428711,29.0,25.1092303379632,72.0,132.4695239,1.3920424322558091,6.85808133472367,-14307.0,0.257,0.469,0.244,0.607,1.0,
Lao People's Democratic Republic (the),LAO,418.0,2020,-1.0831558,-0.73933655,0.6939487,-0.8828871,-0.84073436,-1.7927041,0.739,29.0,,3.0,7.0,6.0,,0.127,,9.401877473027156,,6824.144154116059,68.497,7319399.0,2.541,1.91597270965576,,66.3677276582826,54.0,63.34796067,2.648400503921155,71.90424610051993,-10303.0,0.084,0.382,0.064,0.457,0.0,
Lebanon,LBN,422.0,2020,-1.1795206,-1.2054276,-1.6211754,-0.90583855,-0.76881456,-0.5561333,0.774,25.0,0.4444444444444445,2.0,5.0,4.0,,0.438,50.1298042879627,8.901728325079784,,10182.636876101324,77.804,5662923.0,2.103,1.66996812820435,,3.65511327967499,87.8607,75.72450204,3.808651468508401,14.010752688172042,-115146.0,0.274,0.451,0.322,0.413,0.0,
Lesotho,LSO,426.0,2020,-0.14102164,-0.9786319,-0.25351295,-0.48789856,-0.6690141,-0.0017442012,0.481,41.0,,2.0,3.0,3.0,,0.635,140.7854283031255,36.000691855719715,,2297.3830274590377,54.693,2254100.0,3.049,6.99799251556396,,30.2210585674228,40.4172,69.32469722,0.3160906792067788,1.137022397891963,-1490.0,0.505,0.561,0.524,0.777,0.0,
Latvia,LVA,428.0,2020,0.6931096,0.83809274,0.46218175,0.92213637,1.1804043,0.86868566,0.102,57.0,0.6597222222222222,1.0,1.0,2.0,,0.826,120.19728881240056,21.85768630362452,,25453.065151316023,75.18536585365854,1900449.0,1.55,4.85059022903442,35.7,7.21976080786339,88.898,108.1340417,3.8159929574537386,54.80941668005785,-7381.0,0.745,0.691,0.686,0.848,1.0,2.0
Liberia,LBR,430.0,2020,-0.9043344,-1.4591234,-0.30911526,-1.0347946,-1.0389439,-0.07480083,0.862,28.0,0.2384259259259259,2.0,3.0,4.0,,0.64,,,,768.4054462244039,60.948,5087584.0,4.174,2.13601422309875,,40.2492596601608,27.4519,32.49086403,0.2817250781510438,79.08471760797342,-10119.0,0.428,0.469,0.514,0.568,0.0,2.0
Libya,LBY,434.0,2020,-1.5835482,-1.859381,-2.4623573,-1.882964,-2.2210052,-1.361994,0.809,17.0,0.4027777777777777,3.0,7.0,6.0,,0.266,36.19949564297513,,,11741.864485139677,72.472,6653942.0,2.507,,,9.62627067164773,87.5754,174.6934374,6.984446212485771,0.1233276879184332,-696.0,0.145,0.43,0.234,0.482,1.0,1.0
Liechtenstein,LIE,438.0,2020,1.9591908,1.7615763,1.6692182,1.7157025,1.6205517,1.2603918,,,,1.0,2.0,1.0,,,,,,,81.65853658536587,38756.0,1.46,,,,94.3499,126.1404686,,41.875,189.0,,,,,1.0,
Lithuania,LTU,440.0,2020,0.7785607,1.0149097,0.92147696,0.94848245,1.0801746,1.0041809,0.121,60.0,0.5972222222222222,1.0,1.0,2.0,,0.81,136.91260704251977,19.98001450559431,,28971.84423726417,74.97804878048781,2794885.0,1.48,4.50859022140503,36.0,5.68982917037117,83.0555,130.2002612,5.097776831604878,35.148514851485146,-12625.0,0.755,0.716,0.681,0.868,0.0,2.0
Luxembourg,LUX,442.0,2020,2.0236995,1.7923889,1.2124823,1.7359004,1.8381771,1.4974637,0.026,80.0,0.9444444444444444,1.0,1.0,1.0,,0.88,372.2714029436398,25.25506566389976,,53489.33174392858,82.1439024390244,630419.0,1.36,3.85349988937378,33.4,0.775738600406355,98.4596,132.9505076,12.815127716645597,34.45382721036644,6952.0,0.791,0.65,0.838,0.942,1.0,
Madagascar,MDG,450.0,2020,-1.0105065,-1.0530357,-0.50933474,-0.87963384,-0.811572,-0.26320687,0.811,25.0,0.3888888888888889,2.0,3.0,4.0,,0.501,49.0107073664371,9.520728725342511,,1300.542836411424,65.182,28225177.0,3.918,3.25443387031555,,71.6667729243647,15.8196,56.2228538,0.0998399407734449,21.364403575111723,-742.0,0.256,0.52,0.284,0.322,0.0,4.0
Malawi,MWI,454.0,2020,-0.39216423,-0.8182656,-0.11888655,-0.27748027,-0.7850464,0.0026283588,0.644,30.0,0.5324074074074074,2.0,3.0,3.0,,0.545,,11.856609242716656,,1186.6827178733677,63.717,19377061.0,3.995,,,62.9135436521367,22.2466,51.6315658,0.2669445072191288,23.77704709376325,-1775.0,0.467,0.619,0.455,0.527,0.0,6.0
Malaysia,MYS,458.0,2020,0.22858138,1.0222589,0.1258647,0.5731198,0.66661346,-0.15446015,0.418,51.0,0.611111111111111,2.0,4.0,4.0,,0.425,116.78818243763848,10.884671205401892,,24279.315633018203,75.938,33199993.0,1.818,4.51888704299927,,10.4662697193919,89.555,131.6976181,7.592323889947808,58.17695936691523,57483.0,0.305,0.552,0.302,0.694,0.0,
Maldives,MDV,462.0,2020,-0.2854726,-0.09167242,0.3630298,-0.23943523,-0.5885541,-0.30270138,0.481,43.0,,2.0,4.0,5.0,,0.579,,20.11218858678631,,,79.875,514438.0,1.712,5.84760808944702,,8.0434763460844,79.0978,139.513022,3.9825984861149446,2.733333333333333,1134.0,0.433,0.484,0.448,0.667,0.0,
Mali,MLI,466.0,2020,-0.800913,-1.1864053,-2.146352,-0.9490932,-0.67380977,-0.76055807,0.806,30.0,0.2777777777777777,3.0,6.0,5.0,,0.372,66.99057427950409,14.164539862387048,,1638.9304502976336,58.633,21224040.0,6.035,3.95445990562439,,68.0618116242486,28.3043,119.2779414,0.2796545803720686,10.896663634352027,-14978.0,0.234,0.517,0.333,0.557,0.0,4.0
Malta,MLT,470.0,2020,0.3424831,0.99406487,0.998478,0.8837261,1.2101289,1.1185167,0.192,53.0,0.6782407407407408,1.0,2.0,1.0,,0.767,333.00184908893857,23.343122604206705,,29703.76200401182,82.34878048780489,515332.0,1.13,5.6448712348938,31.4,1.08968064091724,86.8588,122.8511054,3.1544712922931235,1.4375,10854.0,0.626,0.68,0.607,0.892,1.0,
Mauritania,MRT,478.0,2020,-0.8154333,-0.83917785,-0.70094997,-0.6039241,-0.89447755,-0.827085,0.838,29.0,,2.0,5.0,5.0,,0.391,86.77616813227412,,,3532.2977351312065,64.532,4498604.0,4.455,1.802649974823,,34.0301855133506,41.0726,129.1269247,0.904347215269448,0.3034830697584166,-1494.0,0.206,0.515,0.266,0.341,0.0,4.0
Mauritius,MUS,480.0,2020,0.44104737,0.8532267,0.8730455,0.8868635,1.1811306,0.70534897,0.49,53.0,,1.0,1.0,2.0,,0.547,85.83054487450822,20.706233464179256,,18445.97490973305,74.1770731707317,1266014.0,1.44,4.35243988037109,,5.31786577156452,67.7329,147.3924126,2.967897669378064,19.414121181772657,-478.0,0.444,0.57,0.454,0.765,0.0,
Mexico,MEX,484.0,2020,-0.9216302,-0.27033868,-0.79145575,-0.6421822,-0.012910045,-0.027388219,0.598,31.0,0.3912037037037037,2.0,3.0,4.0,,0.652,76.87026232562346,13.900394486324627,,15253.691313136262,70.133,125998302.0,1.905,4.50059986114502,44.6,13.1845282703999,71.4902,97.53972081,3.354212662326195,33.79309138609533,-9949.0,0.407,0.541,0.406,0.479,0.0,2.0
Monaco,MCO,492.0,2020,1.2654539,2.0283892,1.1773106,1.3668348,1.3354213,0.6729399,,,,1.0,3.0,1.0,,,,,,,,36922.0,,,,,98.5709,96.10801148,,0.0,206.0,,,,,1.0,
Mongolia,MNG,496.0,2020,-0.49485365,-0.41969207,0.71783656,-0.26942444,-0.10893253,0.37468398,0.708,35.0,0.5416666666666666,1.0,1.0,2.0,,0.636,112.83864762931744,14.145787232581204,,12990.328563230378,72.141,3294335.0,2.9,4.66345500946045,,25.1469912072962,62.5,132.467372,6.534854530580526,9.09965848797644,0.0,0.516,0.432,0.512,0.708,0.0,
Moldova (the Republic of),MDA,498.0,2020,-0.5869981,-0.5336003,-0.3401113,-0.5150056,-0.010916068,-0.056292024,0.543,34.0,0.4166666666666667,2.0,3.0,3.0,,0.654,79.26572211915801,17.90989848949549,,6560.747769686751,70.166,2635130.0,1.77,6.6012601852417,,57.7797144394341,58.2153,110.876909,3.3302721307867165,11.75322187285234,-14278.0,0.524,0.647,0.463,0.734,1.0,
Montenegro,MNE,499.0,2020,-0.04373718,-0.10666595,-0.06119714,-0.040588934,0.42420873,0.041490994,0.535,45.0,,2.0,3.0,3.0,,0.481,87.00601808172063,,,17355.623874323574,75.93170731707318,621306.0,1.75,,35.4,7.50472455615789,77.6088,171.7021595,,61.486988847583646,-1326.0,0.382,0.579,0.409,0.793,1.0,
Morocco,MAR,504.0,2020,-0.40995046,-0.18606566,-0.35952324,-0.18695077,-0.047914837,-0.5929127,0.627,40.0,0.5555555555555555,2.0,5.0,5.0,,0.255,68.84380339043642,20.02211204567224,,7849.207931212453,73.92,36688772.0,2.353,6.28428268432617,,32.0956456387717,84.1204,133.893994,1.8421957540579448,12.866883262379568,-33807.0,0.232,0.435,0.251,0.542,0.0,2.0
Mozambique,MOZ,508.0,2020,-0.78752846,-0.81017447,-1.2831235,-1.0767068,-0.772883,-0.5950908,0.548,25.0,0.4444444444444444,2.0,5.0,4.0,,0.365,99.90614605202936,21.526702936668983,,1076.6940425279995,61.172,31178239.0,4.713,6.64256286621094,,70.7831089071143,17.8299,49.59621356,0.255941331388216,46.72519646990004,11745.0,0.234,0.501,0.254,0.521,1.0,0.0
Oman,OMN,512.0,2020,0.20332709,0.1045036,0.41977954,0.59338564,0.44436467,-1.1435391,0.254,54.0,0.6111111111111112,3.0,6.0,5.0,,0.173,91.87570039779884,,,46133.20980381452,74.757,4543399.0,2.687,6.87769985198975,,5.22765637433249,95.2323,140.0686492,18.04406788838048,0.0080775444264943,-164408.0,0.136,0.379,0.063,0.602,0.0,
Namibia,NAM,516.0,2020,0.2686738,0.05236204,0.51243156,0.33151495,0.0099776,0.5531597,0.284,51.0,0.6111111111111112,1.0,2.0,2.0,,0.646,76.92524240364645,31.205911071425223,,7734.605479768219,62.829,2489098.0,3.349,9.27799892425537,,22.1374944592199,57.8608,116.4327399,1.5506018646111963,8.063865709531271,-4301.0,0.525,0.535,0.478,0.51,1.0,
Nauru,NRU,520.0,2020,0.5992205,0.14249128,0.77800065,-0.103717804,-0.08386765,0.5313925,,,,1.0,2.0,3.0,,,134.94623655913978,44.34683215053764,,,63.437,12315.0,3.571,6.09919404983521,,,81.6554,81.20178644,0.0,0.0,-68.0,,,,,1.0,
Nepal,NPL,524.0,2020,-0.5984858,-0.9851201,-0.17822878,-0.51348656,-0.73524016,-0.08571393,0.67,33.0,,2.0,3.0,4.0,,0.598,40.91886559500954,15.773649731782394,,2832.860944763906,69.246,29348627.0,2.055,4.21106672286987,,62.1569246422929,37.6984,130.203706,0.5101533369857473,41.59072200906871,306664.0,0.475,0.605,0.382,0.585,1.0,4.0
Netherlands (the),NLD,528.0,2020,1.9999832,1.805218,0.8309334,1.7063311,1.7482522,1.5200057,0.02,82.0,0.9444444444444444,1.0,1.0,1.0,,0.865,146.46177796190975,24.373218836704204,,46014.48428690067,81.35853658536585,17441500.0,1.54,5.42381000518799,26.0,2.06878297843275,91.3333,122.8307665,8.157010578218616,10.974160974160974,58816.0,0.813,0.608,0.812,0.9,1.0,3.0
Vanuatu,VUT,548.0,2020,-0.16922608,-0.38405177,0.88216186,0.29890305,-0.37900028,0.64832836,0.374,43.0,,1.0,2.0,2.0,,0.741,62.96638679488035,14.040255792011742,,,70.299,311685.0,3.778,2.17358994483948,,44.6870875539469,64.286,79.00027271,0.6573944848164012,36.28383921246924,-197.0,0.629,0.556,0.586,0.728,1.0,
New Zealand,NZL,554.0,2020,2.1169076,1.5387433,1.4683537,1.8383927,1.874448,1.5974745,0.009,88.0,0.9444444444444444,1.0,1.0,1.0,,0.89,43.98217029683651,,,35853.692992715216,82.25609756097562,5090200.0,1.61,5.65149021148682,,6.0127524243706,95.2342,123.2134933,6.812777494008095,37.57012646690213,38220.0,0.836,0.728,0.762,0.877,1.0,
Nicaragua,NIC,558.0,2020,-1.1803521,-0.6796746,-0.58571947,-1.1987439,-0.679826,-1.0978192,0.939,22.0,0.3333333333333333,3.0,6.0,5.0,,0.22,88.90613555111122,17.071118754750167,,4575.186325096798,71.795,6755895.0,2.349,4.58156108856201,,28.5473421036295,54.8543,88.25160841,0.7134805973153816,28.31585507728104,-10384.0,0.045,0.337,0.028,0.348,1.0,
Niger (the),NER,562.0,2020,-0.66267544,-0.66087866,-1.6672077,-0.5735619,-0.798239,-0.49489546,0.574,32.0,0.3194444444444444,2.0,4.0,4.0,,0.547,35.51299065708412,,,962.7822900384816,61.451,24333639.0,6.892,3.81920099258423,,71.4426047404916,13.8406,58.5157033,0.0976467186021786,0.8523723059919476,-4403.0,0.4,0.6,0.507,0.605,1.0,7.0
Nigeria,NGA,566.0,2020,-1.1185671,-1.143787,-1.8920146,-0.8420421,-1.0244343,-0.581087,0.923,25.0,0.3194444444444444,2.0,4.0,5.0,,0.523,,,,4976.322358449507,52.887,208327405.0,5.309,0.359637647867203,,38.7829189596075,31.8888,98.03255552,0.5571676947639222,23.745786532274888,-4824.0,0.357,0.613,0.355,0.499,0.0,7.0
Norway,NOR,578.0,2020,2.0657692,1.8877723,1.2216058,1.9299217,1.6942697,1.7202271,0.01,84.0,0.9444444444444444,1.0,1.0,1.0,,0.88,65.35397904133234,21.25318677191741,,83543.09832942951,83.20975609756097,5379475.0,1.48,8.3728199005127,,2.11652310240655,94.6076,108.285471,8.060433406605663,33.43535967717584,10756.0,0.831,0.655,0.852,0.961,1.0,2.0
Micronesia (Federated States of),FSM,583.0,2020,0.8749029,0.35718504,1.115464,0.19041826,-0.8913458,1.1271659,,,,1.0,1.0,1.0,,,85.51682795698925,7.048216397849462,,,70.674,112106.0,2.754,10.5389995574951,,,39.3833,19.62428416,0.0,92.02857142857144,-635.0,,,,,0.0,
Marshall Islands,MHL,,2020,0.46727896,0.11366551,0.9824132,0.59727955,-0.6709875,1.1310753,,,,1.0,1.0,1.0,,,108.29223620657946,17.23024000645966,,,64.977,43413.0,2.777,,,,71.2288,36.85447091,0.0,52.22222222222223,-1901.0,,,,,0.0,
Palau,PLW,585.0,2020,0.5992205,0.38580775,1.1660967,0.6850128,0.5474889,1.0778075,,,,1.0,1.0,1.0,,,106.34301769342976,17.92945651236608,,,,17972.0,0.85,3.47118067741394,,,,133.5410639,71.01046071667038,90.02173913043478,7.0,,,,,0.0,
Pakistan,PAK,586.0,2020,-0.85743827,-0.57112867,-1.7926949,-0.7129385,-0.7647659,-0.87773764,0.893,31.0,0.4444444444444444,2.0,5.0,5.0,,0.387,26.716280459429782,,,5242.695082296415,66.269,227196741.0,3.555,2.05718231201172,,38.0139694214055,18.9348,77.3005648,0.8537129500462334,4.833307388958074,-588736.0,0.258,0.555,0.33,0.247,0.0,4.0
Panama,PAN,591.0,2020,-0.5841615,0.16464736,0.23550338,-0.28495502,0.32271138,0.5739753,0.512,35.0,0.4444444444444444,1.0,2.0,2.0,,0.735,67.41311956162559,8.046183518428572,,18840.739095054367,76.657,4294396.0,2.344,4.30284023284912,,14.0616355118736,72.61,142.2454753,2.2347962321127346,56.80560798058776,5473.0,0.554,0.545,0.566,0.548,1.0,
Papua New Guinea,PNG,598.0,2020,-0.59679717,-0.8301728,-0.65338653,-0.70991844,-0.68394744,0.032394487,0.682,27.0,0.4606481481481481,2.0,4.0,3.0,,0.455,,11.879196873740533,,,65.787,9749640.0,3.274,1.49800002574921,,19.3210343645216,24.3969,49.41720925,0.4561809461682688,79.17625756304376,10695.0,0.354,0.527,0.283,0.453,0.0,
Paraguay,PRY,600.0,2020,-0.8578881,-0.56520766,0.016717767,-0.42782652,-0.1396623,0.046246175,0.765,28.0,0.3680555555555555,2.0,3.0,3.0,,0.583,62.76021747485606,9.515000130607207,,8603.078968662478,73.182,6618695.0,2.497,3.93615007400513,43.5,21.2745048333115,73.9575,118.8308269,1.2022762795384891,40.52922225018877,-8230.0,0.423,0.549,0.359,0.296,1.0,
Peru,PER,604.0,2020,-0.5246369,-0.29428005,-0.35772294,-0.38284352,0.47126418,0.24640527,0.541,38.0,0.5416666666666666,2.0,3.0,3.0,,0.818,44.24596719774405,13.2210909618819,,11136.991090246232,73.665,33304756.0,2.216,4.25937986373901,43.7,33.655726412764,65.2518,118.176464,1.4277180112053665,56.5081015625,79456.0,0.711,0.693,0.611,0.579,1.0,2.0
Philippines (the),PHL,608.0,2020,-0.5106583,0.06781238,-0.7787043,-0.6520701,0.11315668,-0.10620424,0.724,34.0,0.5277777777777778,2.0,3.0,4.0,,0.426,58.16956030222815,13.950985707377184,,7624.413564948383,72.119,112190977.0,2.777,3.85829043388367,,24.769468625484,53.7649,133.3257005,1.2182708775234214,24.10903176040513,-41937.0,0.284,0.589,0.364,0.307,0.0,0.0
Poland,POL,616.0,2020,0.6186716,0.32419512,0.4916195,0.5247494,0.85068196,0.61537474,0.128,56.0,0.6111111111111112,1.0,2.0,2.0,,0.613,100.32421143770382,17.477815536140227,,28577.141385891355,76.5,37899070.0,1.39,4.85265016555786,28.5,9.59175502544167,83.1849,128.4226449,7.819015084011296,30.977035899781143,-779.0,0.449,0.581,0.401,0.859,1.0,
Portugal,PRT,620.0,2020,0.72114635,0.97960114,1.0087311,1.1566806,0.82206917,1.2553002,0.125,61.0,0.75,1.0,1.0,1.0,,0.886,76.23748846486305,21.47864854946137,,25700.28384167499,80.97560975609757,10297081.0,1.41,4.87656021118164,34.7,5.3607558070113,78.2617,115.078977,3.9623267992162057,36.15499489114202,40535.0,0.808,0.619,0.809,0.879,1.0,4.0
Guinea-Bissau,GNB,624.0,2020,-1.363286,-1.4656149,-0.72167647,-1.4002874,-1.2862264,-0.45560172,0.836,19.0,0.4166666666666667,2.0,5.0,4.0,,0.535,54.80245484576086,,,1531.309512560488,59.999,2015828.0,4.094,,,51.1843361384782,28.1686,94.94153271,0.1532868875717571,70.41287339971551,-1394.0,0.341,0.354,0.262,0.439,1.0,
Timor-Leste,TLS,626.0,2020,-0.3392629,-0.75588435,0.19739662,-1.1996144,-0.76364076,0.36991474,0.3,40.0,,1.0,2.0,3.0,,0.668,84.75031110423879,12.6427117196592,,,68.475,1299995.0,3.247,3.65287351608276,,42.4550935096796,32.0127,105.9938692,0.4167708337339758,61.94351042367183,-3506.0,0.486,0.516,0.459,0.553,1.0,
Qatar,QAT,634.0,2020,0.7549168,0.86706764,0.66960603,0.9806746,0.84167933,-1.287029,0.374,63.0,0.638888888888889,3.0,6.0,5.0,,0.039,90.01909488331022,,,143118.52374306676,79.099,2760385.0,1.816,3.2336699962616,,1.35425450945327,99.6528,137.6081235,36.93071799767062,0.0,-163999.0,0.086,0.061,0.093,0.448,0.0,
Romania,ROU,642.0,2020,-0.098599784,-0.28694445,0.5089504,0.36868992,0.34621754,0.58511823,0.358,44.0,0.4166666666666667,1.0,2.0,2.0,,0.801,78.05911337899408,13.849100166341625,,24799.711832890163,74.25365853658539,19265250.0,1.8,3.58926010131836,34.6,20.5051019691071,78.4553,116.1812357,3.915095833171124,30.115829276773297,-12724.0,0.663,0.716,0.476,0.709,1.0,4.0
Russian Federation (the),RUS,643.0,2020,-0.93056834,-0.11108874,-0.6674074,-0.80521035,-0.48384702,-1.0711082,0.718,30.0,0.4166666666666667,3.0,7.0,6.0,,0.258,45.966908202912734,10.799118691487218,,24625.384368269115,71.3387804878049,145245148.0,1.505,4.01641845703125,33.7,6.00081276256095,84.9947,163.5893357,12.318837666095394,49.784336078872215,340711.0,0.099,0.473,0.121,0.533,0.0,4.0
Rwanda,RWA,646.0,2020,0.52783656,0.27377528,0.06945648,0.07577612,-0.0003599748,-1.0918152,0.366,54.0,,3.0,6.0,6.0,,0.228,55.18795124783325,15.074468440121343,,1935.2662175115968,66.774,13146362.0,3.873,3.33394289016724,,50.142419562221,23.8,80.74026868,0.1096501070029868,11.187677340899878,-1579.0,0.117,0.512,0.213,0.622,1.0,5.0
Saint Kitts and Nevis,KNA,659.0,2020,0.3407693,0.63264924,0.92957884,0.482425,0.51462924,0.8115405,,,,1.0,2.0,1.0,,,,15.042382646369926,,,71.627,47642.0,1.55,3.10357975959778,,,70.2753,131.2392427,2.1325721002476805,42.30769230769231,-191.0,,,,,0.0,
Saint Lucia,LCA,662.0,2020,0.5402529,0.30711788,0.86473113,0.66091573,0.3721134,0.8721289,,56.0,,1.0,1.0,1.0,,,,,,8164.906432742802,73.416,179237.0,1.411,3.62086009979248,,7.61873906563857,75.8162,81.41789921,1.416560196834359,34.04918032786885,0.0,,,,,0.0,
Saint Vincent and the Grenadines,VCT,670.0,2020,0.7980512,0.30711788,1.0326236,0.5966414,0.34543797,0.9061951,,59.0,,1.0,1.0,1.0,,,,,,,72.126,104632.0,1.814,5.46375846862793,,10.2090171013992,77.4269,95.91903051,0.7884777123633305,73.17948717948717,-379.0,,,,,0.0,
San Marino,SMR,674.0,2020,1.2654539,1.7492414,1.1773106,1.6151816,0.5253105,1.1196904,,,,1.0,1.0,1.0,,,304.9031677440691,16.13626114326542,,,,34007.0,,3.4246199131012,,,77.95,114.6822713,,16.666666666666664,-138.0,,,,,,
Sao Tome and Principe,STP,678.0,2020,0.11975104,-0.7140033,0.4896007,-0.7073713,-0.9741005,0.36712635,0.281,47.0,,1.0,2.0,2.0,,0.693,,,,3826.375376957381,67.785,218641.0,3.893,5.0152382850647,,17.7651993043953,51.5547,79.67535824,0.7363669211172653,54.0625,0.0,0.584,0.562,0.498,0.671,1.0,
Saudi Arabia,SAU,682.0,2020,0.24170451,0.11361811,-0.6506378,0.21545067,0.24940148,-1.6090633,0.389,53.0,0.638888888888889,3.0,7.0,7.0,,0.014,49.71347552965898,8.237471029594515,,46723.92940487973,76.239,35997107.0,2.465,,,3.17081033042984,97.8623,120.052537,15.8718865935532,0.4544841349217794,-1025295.0,0.046,0.082,0.067,0.422,0.0,1.0
Senegal,SEN,686.0,2020,-0.0072953277,-0.059842013,-0.14310294,-0.32080376,-0.29421717,0.23943347,0.35,45.0,0.4027777777777777,2.0,3.0,3.0,,0.74,60.04687161370651,17.4488278981927,,2524.2655476212267,68.006,16436120.0,4.454,5.6869797706604,,22.9859049033044,53.3088,116.079391,0.6570467969326095,41.90598867708929,-10090.0,0.573,0.58,0.619,0.719,0.0,4.0
Serbia,SRB,688.0,2020,-0.45147082,-0.04292436,-0.17075442,-0.123005606,0.080396354,-0.1209495,0.653,38.0,0.4722222222222222,2.0,4.0,3.0,,0.354,104.719014896836,23.488566160190302,,15256.421028303836,74.47804878048781,6899126.0,1.48,,35.0,14.563550656246,78.368,120.2168595,,32.37780948983232,243.0,0.247,0.544,0.196,0.751,1.0,
Seychelles,SYC,690.0,2020,1.3888975,0.678994,0.70183647,0.23480001,0.02103804,0.48148388,0.099,66.0,,1.0,2.0,3.0,,0.668,153.48333156592037,26.176741899485485,,29647.482192686766,77.23658536585367,98462.0,2.29,4.89120054244995,,,84.8223,173.8823083,10.472060287217404,73.26086956521739,146.0,0.579,0.278,0.575,0.802,0.0,
Sierra Leone,SLE,694.0,2020,-0.3960557,-1.0632834,-0.30238461,-0.794501,-0.9046232,-0.094753966,0.644,33.0,0.3611111111111111,2.0,3.0,3.0,,0.546,51.55793774922335,,,1635.7129817131436,59.763,8233970.0,4.08,8.80954837799072,,44.6089986475105,27.4681,83.60731215,0.1181204206476341,35.11886949293433,1292.0,0.415,0.623,0.507,0.632,0.0,3.0
Singapore,SGP,702.0,2020,2.1182318,2.2842028,1.438511,1.8354349,2.2052991,-0.20388162,0.007,85.0,0.888888888888889,2.0,4.0,4.0,,0.401,331.69052172546134,12.731544682126936,,71964.69921997073,83.5439024390244,5685807.0,1.1,2.6869900226593,,0.122980779860976,92.0043,142.8931601,9.486463399126984,21.685236768802227,21324.0,0.327,0.111,0.346,0.805,0.0,
Slovakia,SVK,703.0,2020,0.4152265,0.5021458,0.6339817,0.6554988,0.77473336,0.8795346,0.214,49.0,0.6666666666666666,1.0,1.0,1.0,,0.851,168.4791560618068,18.63655359273702,,26468.295104739835,76.86585365853658,5458827.0,1.59,4.76427984237671,24.2,2.58258008904494,89.9209,133.5923247,5.918853995556188,40.056156405990016,1746.0,0.766,0.685,0.68,0.755,1.0,
Viet Nam,VNM,704.0,2020,-0.37451735,0.19355777,-0.038989063,-0.18950188,-0.23691633,-1.376616,0.474,36.0,0.5277777777777778,3.0,7.0,6.0,,0.211,163.24586277639872,,,7395.361526596984,75.378,96648685.0,1.955,3.21652889251709,36.8,32.612391440216,70.3,143.7522156,3.550841897124622,46.71900175159286,-2016.0,0.109,0.552,0.193,0.672,0.0,
Slovenia,SVN,705.0,2020,0.777403,1.1211736,0.70146793,1.0395486,0.9122102,0.93213975,0.143,60.0,0.7361111111111112,1.0,1.0,1.0,,0.761,146.58629256522096,17.196255527854845,,28733.302552143603,80.53170731707318,2102419.0,1.59,5.38373994827271,24.0,4.09612599345204,86.6013,120.4592752,6.443958126329719,61.47225919230846,7681.0,0.672,0.679,0.593,0.803,1.0,
Somalia,SOM,706.0,2020,-1.6891309,-2.1316137,-2.5814693,-2.3125448,-1.9536126,-1.8358214,0.923,12.0,0.0555555555555555,3.0,7.0,7.0,,0.16,76.00927092320006,5.886437254824805e-05,,,55.967,16537016.0,6.417,,,26.7456959461377,15.0237,53.48002324,0.0510672542132147,9.532311027512993,-11383.0,0.104,0.262,0.175,0.206,0.0,2.0
South Africa,ZAF,710.0,2020,-0.059475705,0.046534523,-0.25286722,-0.24399398,0.020494822,0.69029397,0.39,44.0,0.4652777777777777,1.0,2.0,2.0,,0.714,50.68684333644158,22.487256165157,,10839.1330806975,65.252,58801927.0,2.401,6.17067003250122,,21.4174702282134,72.1128,163.1909795,7.140327220908934,14.055090718743044,30852.0,0.601,0.573,0.629,0.631,1.0,6.0
Zimbabwe,ZWE,716.0,2020,-1.3087878,-1.3423681,-1.0527434,-1.337362,-1.4344153,-1.1145986,0.793,24.0,0.3472222222222221,3.0,6.0,5.0,,0.287,47.31336542238655,,,1585.9728041575377,61.124,15669666.0,3.545,,,58.8137695540509,29.2986,84.1862743,0.563196433159456,45.09391236913532,-29955.0,0.187,0.59,0.201,0.535,0.0,
Spain,ESP,724.0,2020,0.71180195,0.85392857,0.41144845,0.8609645,0.7554491,1.0040144,0.034,62.0,0.7222222222222223,1.0,1.0,1.0,,0.877,60.11948061232697,13.569315734443837,,30834.51319742432,82.33170731707318,47365655.0,1.19,4.89540004730225,34.9,3.98524970373957,93.2056,117.4899328,4.580888831791728,37.17730548854976,208791.0,0.792,0.652,0.771,0.908,1.0,4.0
South Sudan,SSD,728.0,2020,-1.9368697,-2.316321,-2.1917365,-1.9719262,-2.0104368,-1.8111969,0.937,12.0,,3.0,7.0,7.0,,0.173,,,,,55.48,10606227.0,4.543,,,61.0425211864959,9.27123,12.6718012,,11.325621508711407,-74415.0,0.067,0.28,0.047,0.095,0.0,0.0
Suriname,SUR,740.0,2020,-0.46073404,-0.57881397,0.41884395,-0.13208894,-0.7950153,0.41432622,0.252,38.0,0.4490740740740741,1.0,2.0,2.0,,0.754,,,,,72.561,607065.0,2.371,4.58425712585449,,7.81588665941079,69.8369,148.145421,4.291797418727813,97.4121153846154,-313.0,0.633,0.557,0.562,0.681,1.0,
Eswatini,SWZ,748.0,2020,-0.2922636,-0.75438714,-0.040546946,-0.4990718,-0.49218196,-1.3292023,0.5,33.0,,3.0,7.0,5.0,,0.132,86.88450515755228,28.12695332723618,,8167.689638966547,59.692,1180655.0,2.89,5.36010456085205,,13.5554123979136,49.013,105.8184652,0.9757295738382508,28.92790697674419,-4897.0,0.113,0.378,0.076,0.265,,
Sweden,SWE,752.0,2020,2.0945106,1.6700268,0.9973768,1.7674102,1.6786164,1.4980413,0.008,85.0,0.9444444444444444,1.0,1.0,1.0,,0.901,83.21100287424645,26.728765368049224,,44128.33196694781,82.35609756097561,10353442.0,1.67,7.92561006546021,28.9,1.7275073634586,94.5394,123.3665446,3.774532179733078,68.69907030761067,81066.0,0.872,0.653,0.838,0.915,1.0,4.0
Switzerland,CHE,756.0,2020,2.0454295,1.972023,1.1762402,1.7768903,1.5848926,1.536163,0.022,85.0,0.888888888888889,1.0,1.0,1.0,,0.901,121.78597799837084,9.344871149953658,,60521.26266021757,83.0,8638167.0,1.46,5.27676010131836,33.7,2.50321147688697,94.3499,127.4054064,4.151285799406286,32.1215359394659,53786.0,0.855,0.873,0.869,0.935,1.0,2.0
Syrian Arab Republic (the),SYR,760.0,2020,-1.7353964,-1.7542578,-2.7118478,-2.0889084,-1.8916138,-1.9307486,0.919,14.0,0.4305555555555555,3.0,7.0,7.0,,0.139,48.401362179255145,,,2903.7398355317155,72.14,20772595.0,2.798,,,16.0817712534432,35.78,80.20304156,1.255529220109476,2.8431084245493654,270006.0,0.033,0.132,0.024,0.168,0.0,2.0
Syrian Arab Republic (the),SYR,760.0,2020,-1.7353964,-1.7542578,-2.7118478,-2.0889084,-1.8916138,-1.9307486,0.919,14.0,0.4305555555555555,3.0,7.0,7.0,,0.139,48.401362179255145,,,2903.7398355317155,72.14,20772595.0,2.798,,,16.0817712534432,35.78,80.20304156,1.255529220109476,2.8431084245493654,270006.0,0.033,0.132,0.024,0.168,0.0,2.0
Syrian Arab Republic (the),SYR,760.0,2020,-1.7353964,-1.7542578,-2.7118478,-2.0889084,-1.8916138,-1.9307486,0.919,14.0,0.4305555555555555,3.0,7.0,7.0,,0.139,48.401362179255145,,,2903.7398355317155,72.14,20772595.0,2.798,,,16.0817712534432,35.78,80.20304156,1.255529220109476,2.8431084245493654,270006.0,0.033,0.132,0.024,0.168,0.0,2.0
Syrian Arab Republic (the),SYR,760.0,2020,-1.7353964,-1.7542578,-2.7118478,-2.0889084,-1.8916138,-1.9307486,0.919,14.0,0.4305555555555555,3.0,7.0,7.0,,0.139,48.401362179255145,,,2903.7398355317155,72.14,20772595.0,2.798,,,16.0817712534432,35.78,80.20304156,1.255529220109476,2.8431084245493654,270006.0,0.033,0.132,0.024,0.168,0.0,2.0
Tajikistan,TJK,762.0,2020,-1.3452265,-0.75922585,-0.5000745,-1.2505895,-1.0720577,-1.7779249,0.832,25.0,,3.0,7.0,6.0,,0.172,55.74910401949539,,,4828.393755925144,67.994,9543207.0,3.237,5.73725271224976,,44.8176181249329,27.5441,121.3847714,0.9833696366431116,3.053534116290799,-3564.0,0.044,0.156,0.054,0.194,0.0,
Thailand,THA,764.0,2020,-0.48381177,0.20181254,-0.5782705,0.11150539,0.063660756,-0.8092619,0.708,36.0,0.4166666666666667,3.0,7.0,5.0,,0.192,97.8007432465178,14.457740249558992,,15815.91485952924,79.274,71475664.0,1.341,3.15314173698425,35.0,31.3894709947006,77.8437,162.7043297,3.837657247927071,38.89878447415295,35526.0,0.177,0.339,0.053,0.477,0.0,0.0
Togo,TGO,768.0,2020,-0.7301524,-0.73015684,-0.8906981,-0.6741498,-0.66430193,-0.7506116,0.73,29.0,0.2777777777777777,2.0,5.0,4.0,,0.457,55.548538560863946,12.866605254742527,,1482.751495313325,61.035,8442580.0,4.323,4.09133672714233,,31.8040709820057,29.0237,77.18623928,0.2576582040087272,22.233314947600665,-995.0,0.256,0.525,0.378,0.721,1.0,4.0
Tonga,TON,776.0,2020,-0.34388265,0.27698746,1.087379,0.494495,-0.3804051,0.6893577,,,,1.0,2.0,2.0,,,85.53402288669515,21.303307558716803,,,70.928,105254.0,3.267,4.86051654815674,,28.7541650194838,66.64843101,58.90512475,1.4897296064757632,12.430555555555555,-948.0,,,,,0.0,
Trinidad and Tobago,TTO,780.0,2020,-0.16006164,0.17396727,0.11041409,-0.17046571,-0.17774817,0.64114344,0.089,40.0,0.4930555555555555,1.0,2.0,2.0,,0.756,,,,25548.510398614617,74.406,1518147.0,1.631,4.2576699256897,,3.07228336244691,77.2813,130.9488475,19.388768017853344,44.48148148148148,2370.0,0.639,0.561,0.683,0.796,0.0,
United Arab Emirates (the),ARE,784.0,2020,1.083614,1.2852669,0.59260535,0.87513596,1.074331,-1.1780663,0.112,71.0,0.6944444444444443,3.0,7.0,6.0,,0.101,166.57189932529067,0.6820882744790577,,70188.27272782834,78.946,9287289.0,1.46,3.98417997360229,,1.78329799635895,100.0,197.8438703,21.64270972939466,4.467755561813574,-2762.0,0.09,0.126,0.082,0.503,0.0,1.0
Tunisia,TUN,788.0,2020,-0.11535425,-0.1864251,-0.5943258,0.14153448,-0.30348924,0.2837476,0.376,44.0,0.6527777777777778,1.0,2.0,3.0,,0.709,84.33325913665188,,,10354.23909638127,75.292,12161723.0,2.114,7.26507568359375,,14.5174226869207,68.5564,122.1279008,2.359583424157909,4.523236354273945,-9189.0,0.621,0.612,0.634,0.805,1.0,4.0
Turkey,TUR,792.0,2020,-0.361754,-0.15879776,-1.1438826,-0.418659,-0.024792725,-0.8605945,0.857,40.0,0.4722222222222222,3.0,5.0,6.0,,0.289,61.34375509847545,17.699692062362832,,23721.88049784061,75.85,83384680.0,1.917,4.03382015228271,43.0,17.5538293565209,77.6696,97.61417509,5.097974831827622,28.87148369995972,-80952.0,0.119,0.465,0.102,0.601,1.0,3.0
Turkmenistan,TKM,795.0,2020,-1.4345784,-1.02377,-0.20164081,-1.4000274,-2.0545983,-2.0278616,0.914,19.0,,3.0,7.0,7.0,,0.151,35.936593852696696,,,16580.840638801958,68.687,6250438.0,2.701,3.76267004013062,,23.4396917847548,,98.62952004,10.651173565756512,8.782159044964144,-4502.0,0.034,0.071,0.034,0.266,0.0,
Tuvalu,TUV,798.0,2020,0.48449427,-0.43325123,1.2212518,0.6524605,-0.3173618,1.1739602,,,,1.0,1.0,1.0,,,,,,,64.382,11069.0,3.188,,,,75.4424,81.30815792,0.0,33.33333333333333,-15.0,,,,,0.0,
Uganda,UGA,800.0,2020,-1.0658922,-0.6164961,-0.8110389,-0.3455742,-0.48221445,-0.71228814,0.764,27.0,0.4444444444444445,3.0,6.0,5.0,,0.295,37.0006923916369,11.391163306529483,,2032.2618824050692,62.851,44404611.0,4.693,2.57222175598145,,67.9025520668588,7.4,62.35610757,0.151423463657862,11.659186116098144,43465.0,0.217,0.498,0.256,0.4,0.0,1.0
Ukraine,UKR,804.0,2020,-0.8326286,-0.41009113,-1.1639365,-0.71314436,-0.26694334,0.088904954,0.686,33.0,0.4444444444444444,2.0,3.0,4.0,,0.546,79.15645237618149,19.151400299287594,,9769.827945690837,71.18512195121953,44207754.0,1.217,5.38231992721558,25.6,15.2704370126983,75.0379,129.3411657,4.343441650530357,16.724197445633415,-2173.0,0.322,0.571,0.442,0.65,1.0,4.0
North Macedonia,MKD,807.0,2020,-0.49426916,0.02825786,0.11206054,-0.106092595,0.43572605,0.055444367,0.667,35.0,,2.0,3.0,3.0,,0.595,128.24124432225676,15.919459596431986,,13125.830528042296,74.39512195121951,1856124.0,1.31,,,11.5541453362714,81.4055,88.20817101,4.090190095058304,39.7101506740682,-486.0,0.405,0.633,0.444,0.624,1.0,
Egypt,EGY,818.0,2020,-0.8104336,-0.4461716,-1.1819328,-0.31748307,-0.57103115,-1.4818922,0.741,33.0,0.4861111111111111,3.0,6.0,6.0,,0.176,32.12625556675226,,,12234.503481702748,70.99,107465134.0,2.96,,,20.3791302322271,71.9142,88.73336258,2.123163034440547,0.0451855944547692,4476.0,0.121,0.197,0.112,0.311,1.0,4.0
United Kingdom of Great Britain and Northern Ireland (the),GBR,826.0,2020,1.6602012,1.3321542,0.48305026,1.4639643,1.4740239,1.2315705,0.046,77.0,0.888888888888889,1.0,1.0,1.0,,0.874,58.77455937590291,24.771989385483355,,34651.183049111096,80.35121951219514,67081234.0,1.56,5.43935012817383,32.6,1.0340351380375,94.8182,117.8163133,4.778406431819666,13.185632207663373,211063.0,0.804,0.683,0.755,0.832,0.0,3.0
"Tanzania, the United Republic of",TZA,834.0,2020,-0.4057536,-0.7392724,-0.48080766,-0.615206,-0.68933517,-0.7352414,0.231,38.0,0.4560185185185185,2.0,5.0,5.0,,0.389,27.963015196988355,11.626768854352171,,2948.4724897505207,66.408,61704518.0,4.795,3.23097252845764,,65.793949703467,25.6424,83.00888599,0.241659776031311,51.64258297584104,-15795.0,0.345,0.56,0.335,0.77,0.0,8.0
United States of America (the),USA,840.0,2020,1.0378319,1.2745932,-0.027899733,1.3364937,1.2384375,0.85626566,0.084,67.0,0.8101851851851851,1.0,2.0,2.0,5.0,0.811,23.10475332915943,10.211202483708869,,54379.20651245575,76.98048780487805,331526933.0,1.6415,5.39998006820679,39.7,1.74639347557255,96.5768,104.9353748,13.473208223477878,33.86692641203749,675560.0,0.729,0.658,0.6,0.743,0.0,10.0
Burkina Faso,BFA,854.0,2020,-0.122198515,-0.70810664,-1.5379784,-0.4687186,-0.48270035,-0.1894398,0.435,40.0,0.4166666666666667,2.0,4.0,4.0,,0.659,60.73977864627748,13.43158626786681,,1638.827886419169,59.731,21522626.0,4.869,5.15086507797241,,74.8001390763192,15.5971,102.7626369,0.2390228775986722,22.720760233918128,-5665.0,0.485,0.531,0.541,0.578,1.0,6.0
Uruguay,URY,858.0,2020,1.3646667,0.73021096,1.0549643,0.647405,0.68718004,1.3067704,0.058,71.0,0.5833333333333334,1.0,1.0,1.0,,0.87,46.6861478026171,18.51487175337592,,18460.03834921669,78.43,3429086.0,1.477,4.54292011260986,40.2,8.01133922406288,85.471,132.7256301,2.010973186440935,11.604388069934863,-1486.0,0.812,0.777,0.758,0.872,1.0,
Uzbekistan,UZB,860.0,2020,-1.0734042,-0.6155063,-0.43669805,-1.1178784,-0.99921644,-1.5314761,0.776,26.0,,3.0,7.0,6.0,,0.204,61.83918990347609,14.778202318714392,,11341.919401727711,70.331,34232050.0,2.904,4.94803667068481,,26.8859175817686,71.1,99.58344787,3.513295289063904,8.373221377510495,-39203.0,0.084,0.146,0.175,0.47,1.0,
Venezuela (Bolivarian Republic of),VEN,862.0,2020,-1.5757331,-1.8893757,-1.5518428,-2.331935,-2.2674592,-1.5154667,0.962,15.0,0.2152777777777777,3.0,7.0,6.0,,0.207,,,,4952.529594631958,71.095,28490453.0,2.23,,,11.5434066411809,,58.06789032,2.730911298602378,52.41301513519642,-525142.0,0.057,0.462,0.04,0.34,1.0,
Samoa,WSM,882.0,2020,0.71240264,0.5453189,1.147822,1.0113693,-0.20859048,0.7788638,,,,1.0,2.0,2.0,,,77.48359999581935,24.4164425905469,,,72.768,214929.0,3.997,4.48100519180298,,20.9226679177418,69.9561,32.10362492,1.5540015540015542,58.15467625899281,-1060.0,,,,,0.0,
Yemen,YEM,887.0,2020,-1.7113006,-2.3623755,-2.6477334,-1.7730777,-1.8575217,-1.7636905,0.921,15.0,0.25,3.0,7.0,6.0,,0.115,,,,2031.4436130163915,64.65,32284046.0,3.886,,,30.087213468244,13.8152,47.01393376,0.3563338994127316,1.03983180862549,-86100.0,0.035,0.201,0.027,0.05,,1.0
Zambia,ZMB,894.0,2020,-0.73188186,-0.8246824,-0.1309792,-0.64821726,-0.6877939,-0.42917776,0.412,33.0,0.4189814814814814,2.0,4.0,4.0,,0.329,79.2068494068452,16.418005509091905,,3270.5992234999458,62.38,18927715.0,4.379,3.94964814186096,,59.1117284151064,24.4992,100.932458,0.4351449712762475,60.28333714470197,9015.0,0.263,0.524,0.265,0.406,0.0,5.0
